"place","period","count","longitude","latitude","min_start","max_start","min_end","max_end","date_sd","date_var","date_mean","spread","short_place"
"'s Lands Zeemagazijn (Amsterdam)","1660-1679",5,4.914826,52.371666,1666,1675,1666,1738,4.43846820423443,19.7,1671.8,9,"'s Lands Zeemagazijn"
"Aalmoezeniersweeshuis (Amsterdam)","1720-1739",2,4.883056,52.365556,1723,1729,1723,1729,4.24264068711928,18,1726,6,"Aalmoezeniersweeshuis"
"Admiraliteit (Amsterdam)","1680-1699",1,4.895176,52.371103,1691,1691,1711,1711,NA,NA,1691,0,"Admiraliteit"
"Admiraliteitsmagazijn (Amsterdam)","1680-1699",1,4.914866,52.371694,1690,1690,1700,1700,NA,NA,1690,0,"Admiraliteitsmagazijn"
"Admiraliteitsmagazijn (Amsterdam)","1700-1719",1,4.914866,52.371694,1718,1718,1830,1830,NA,NA,1718,0,"Admiraliteitsmagazijn"
"Admiraliteitsmagazijn (Amsterdam)","1720-1739",1,4.914866,52.371694,1723,1723,1723,1723,NA,NA,1723,0,"Admiraliteitsmagazijn"
"Admiraliteitswerf (Amsterdam)","1660-1679",1,4.914866,52.371694,1675,1675,1711,1711,NA,NA,1675,0,"Admiraliteitswerf"
"Admiraliteitswerf (Amsterdam)","1680-1699",2,4.914866,52.371694,1697,1697,1699,1699,0,0,1697,0,"Admiraliteitswerf"
"Amsteldijk (Amsterdam)","1720-1739",2,4.902524,52.36321,1736,1736,1736,1736,0,0,1736,0,"Amsteldijk"
"Appelmarkt (Amsterdam)","1640-1659",2,4.888488209,52.36992201,1657,1657,1661,1670,0,0,1657,0,"Appelmarkt"
"Athenaeum Illustre (Amsterdam)","1660-1679",1,4.895556,52.369444,1663,1663,1665,1665,NA,NA,1663,0,"Athenaeum Illustre"
"Athenaeum Illustre (Amsterdam)","1720-1739",1,4.895556,52.369444,1723,1723,1723,1723,NA,NA,1723,0,"Athenaeum Illustre"
"Begijnhof (Amsterdam)","1620-1639",1,4.890077,52.369548,1625,1625,1625,1625,NA,NA,1625,0,"Begijnhof"
"Beurs van Hendrik de Keyser (Amsterdam)","1600-1619",7,4.896101,52.375208,1609,1615,1609,1652,1.81265393434993,3.28571428571429,1611.57142857143,6,"Beurs van Hendrik de Keyser"
"Beurs van Hendrik de Keyser (Amsterdam)","1620-1639",4,4.896101,52.375208,1629,1633,1666,1706,1.89296944860009,3.58333333333333,1630.25,4,"Beurs van Hendrik de Keyser"
"Beurs van Hendrik de Keyser (Amsterdam)","1640-1659",3,4.896101,52.375208,1643,1652,1643,1654,5.19615242270663,27,1646,9,"Beurs van Hendrik de Keyser"
"Beurs van Hendrik de Keyser (Amsterdam)","1660-1679",1,4.896101,52.375208,1680,1680,1731,1731,NA,NA,1680,0,"Beurs van Hendrik de Keyser"
"Beurs van Hendrik de Keyser (Amsterdam)","1680-1699",4,4.896101,52.375208,1682,1690,1701,1726,4,16,1688,8,"Beurs van Hendrik de Keyser"
"Beurs van Hendrik de Keyser (Amsterdam)","1700-1719",11,4.896101,52.375208,1720,1720,1720,1720,0,0,1720,0,"Beurs van Hendrik de Keyser"
"Beurs van Hendrik de Keyser (Amsterdam)","1720-1739",4,4.896101,52.375208,1723,1726,1723,1726,1.25830573921179,1.58333333333333,1724.25,3,"Beurs van Hendrik de Keyser"
"Bickerseiland (Amsterdam)","1640-1659",2,4.886964,52.3857,1652,1652,1654,1654,0,0,1652,0,"Bickerseiland"
"Binnengasthuis (Amsterdam)",NA,1,4.894722,52.368611,1750,1750,1800,1800,NA,NA,1750,0,"Binnengasthuis"
"Binnenkant (Amsterdam)","1620-1639",1,4.904088,52.37374,1625,1625,1669,1669,NA,NA,1625,0,"Binnenkant"
"Binnenkant (Amsterdam)","1680-1699",1,4.904088,52.37374,1688,1688,1690,1690,NA,NA,1688,0,"Binnenkant"
"Blauwbrug (Amsterdam)","1640-1659",3,4.901774,52.366547,1655,1655,1690,1690,0,0,1655,0,"Blauwbrug"
"Blauwbrug (Amsterdam)","1720-1739",1,4.901774,52.366547,1727,1727,1733,1733,NA,NA,1727,0,"Blauwbrug"
"Bloedstraat (Amsterdam)","1680-1699",1,4.899264,52.372908,1688,1688,1690,1690,NA,NA,1688,0,"Bloedstraat"
"Botermarkt (Amsterdam)",NA,2,4.896418,52.366406,1750,1750,1793,1793,0,0,1750,0,"Botermarkt"
"Brouwersgracht (Amsterdam)","1640-1659",2,4.888334,52.380814,1657,1657,1662,1670,0,0,1657,0,"Brouwersgracht"
"Buitengasthuis (Amsterdam)","1720-1739",1,4.870578,52.362672,1723,1723,1723,1723,NA,NA,1723,0,"Buitengasthuis"
"Burgerweeshuis (Amsterdam)","1700-1719",2,4.890589,52.370422,1708,1708,1780,1780,0,0,1708,0,"Burgerweeshuis"
"Burgerweeshuis (Amsterdam)","1720-1739",1,4.890589,52.370422,1723,1723,1723,1723,NA,NA,1723,0,"Burgerweeshuis"
"Bushuis (Amsterdam)","1600-1619",2,4.898094,52.370613,1606,1606,1672,1672,0,0,1606,0,"Bushuis"
"Dam (Amsterdam)","1540-1559",4,4.893193,52.372934,1560,1560,1640,1640,0,0,1560,0,"Dam"
"Dam (Amsterdam)","1560-1579",2,4.893193,52.372934,1577,1577,1579,1579,0,0,1577,0,"Dam"
"Dam (Amsterdam)","1580-1599",1,4.893193,52.372934,1588,1588,1588,1588,NA,NA,1588,0,"Dam"
"Dam (Amsterdam)","1600-1619",9,4.893193,52.372934,1609,1613,1609,1615,1.16666666666667,1.36111111111111,1611.88888888889,4,"Dam"
"Dam (Amsterdam)","1620-1639",8,4.893193,52.372934,1629,1638,1638,1679,4.15546112277051,17.2678571428571,1635.125,9,"Dam"
"Dam (Amsterdam)","1640-1659",34,4.893193,52.372934,1642,1660,1642,1699,5.14599683467255,26.4812834224599,1649.94117647059,18,"Dam"
"Dam (Amsterdam)","1660-1679",15,4.893193,52.372934,1662,1679,1663,1684,6.64902427499884,44.2095238095238,1669.93333333333,17,"Dam"
"Dam (Amsterdam)","1680-1699",24,4.893193,52.372934,1681,1693,1683,1762,3.78186940968142,14.3025362318841,1687.70833333333,12,"Dam"
"Dam (Amsterdam)","1700-1719",5,4.893193,52.372934,1720,1720,1720,1720,0,0,1720,0,"Dam"
"Dam (Amsterdam)","1720-1739",10,4.893193,52.372934,1721,1728,1723,1818,2.80673792466945,7.87777777777778,1724.1,7,"Dam"
"Dam (Amsterdam)",NA,14,4.893193,52.372934,1743,1750,1743,1781,2.13423172475368,4.55494505494505,1746.64285714286,7,"Dam"
"Damrak (Amsterdam)","1540-1559",1,4.895981,52.375292,1560,1560,1640,1640,NA,NA,1560,0,"Damrak"
"Damrak (Amsterdam)","1600-1619",1,4.895981,52.375292,1611,1611,1611,1611,NA,NA,1611,0,"Damrak"
"Damrak (Amsterdam)","1640-1659",3,4.895981,52.375292,1642,1652,1642,1652,5.77350269189626,33.3333333333333,1645.33333333333,10,"Damrak"
"Damrak (Amsterdam)","1720-1739",1,4.895981,52.375292,1735,1735,1807,1807,NA,NA,1735,0,"Damrak"
"Diaconieweeshuis (Amsterdam)","1720-1739",1,4.905559,52.36501,1723,1723,1723,1723,NA,NA,1723,0,"Diaconieweeshuis"
"Dolhuis (Amsterdam)","1580-1599",2,4.870578,52.362672,1591,1591,1591,1591,0,0,1591,0,"Dolhuis"
"Eenhoornsluis (Amsterdam)","1640-1659",2,4.889378,52.381414,1657,1657,1662,1670,0,0,1657,0,"Eenhoornsluis"
"Eilandskerk (Amsterdam)","1720-1739",2,4.888766,52.384886,1723,1723,1723,1723,0,0,1723,0,"Eilandskerk"
"Elandsgracht (Amsterdam)","1660-1679",1,4.881069,52.369624,1679,1679,1690,1690,NA,NA,1679,0,"Elandsgracht"
"Elandsgracht (Amsterdam)","1680-1699",4,4.881069,52.369624,1688,1690,1690,1690,1,1,1688.5,2,"Elandsgracht"
"Elandsstraat (Amsterdam)","1660-1679",1,4.880192,52.370329,1679,1679,1690,1690,NA,NA,1679,0,"Elandsstraat"
"Elandsstraat (Amsterdam)","1680-1699",4,4.880192,52.370329,1688,1690,1690,1690,1,1,1688.5,2,"Elandsstraat"
"Engelse Kerk (Amsterdam)","1720-1739",1,4.89,52.369167,1723,1723,1723,1723,NA,NA,1723,0,"Engelse Kerk"
"Evangelisch-Luthers weeshuis (Amsterdam)","1660-1679",1,4.905559,52.36501,1680,1680,1731,1731,NA,NA,1680,0,"Evangelisch-Luthers weeshuis"
"Geldersekade (Amsterdam)","1620-1639",1,4.90135,52.37362,1639,1639,1639,1639,NA,NA,1639,0,"Geldersekade"
"Geldersekade (Amsterdam)","1640-1659",3,4.90135,52.37362,1652,1652,1654,1654,0,0,1652,0,"Geldersekade"
"Goudsbloemstraat (Amsterdam)","1680-1699",2,4.883924,52.380684,1688,1688,1690,1690,0,0,1688,0,"Goudsbloemstraat"
"Grimnessesluis (Amsterdam)","1660-1679",1,4.894118,52.369239,1661,1661,1661,1661,NA,NA,1661,0,"Grimnessesluis"
"Grote Synagoge (Amsterdam)","1700-1719",1,4.903889,52.367222,1718,1718,1830,1830,NA,NA,1718,0,"Grote Synagoge"
"Grote Vleeshal (Amsterdam)","1720-1739",1,4.89378,52.371364,1723,1723,1723,1723,NA,NA,1723,0,"Grote Vleeshal"
"Haarlemmerpoort (Amsterdam)","1560-1579",2,4.883071,52.384968,1577,1577,1579,1579,0,0,1577,0,"Haarlemmerpoort"
"Haarlemmerpoort (Amsterdam)","1600-1619",2,4.883071,52.384968,1613,1613,1615,1615,0,0,1613,0,"Haarlemmerpoort"
"Haarlemmerpoort (Amsterdam)","1620-1639",6,4.883071,52.384968,1637,1638,1639,1692,0.408248290463863,0.166666666666667,1637.83333333333,1,"Haarlemmerpoort"
"Haarlemmerpoort (Amsterdam)","1640-1659",3,4.883071,52.384968,1652,1660,1656,1662,4.61880215351701,21.3333333333333,1657.33333333333,8,"Haarlemmerpoort"
"Haarlemmerpoort (Amsterdam)","1660-1679",1,4.883071,52.384968,1662,1662,1665,1665,NA,NA,1662,0,"Haarlemmerpoort"
"Haarlemmerpoort (Amsterdam)","1680-1699",1,4.883071,52.384968,1692,1692,1694,1694,NA,NA,1692,0,"Haarlemmerpoort"
"Haarlemmerpoort (Amsterdam)","1720-1739",2,4.883071,52.384968,1723,1723,1723,1723,0,0,1723,0,"Haarlemmerpoort"
"Haarlemmerpoort (Amsterdam)",NA,2,4.883071,52.384968,1748,1748,1748,1748,0,0,1748,0,"Haarlemmerpoort"
"Halvemaansbrug (Amsterdam)","1660-1679",1,4.895884,52.367385,1675,1675,1711,1711,NA,NA,1675,0,"Halvemaansbrug"
"Handboogdoelen (Amsterdam)","1600-1619",2,4.889444,52.367778,1606,1606,1672,1672,0,0,1606,0,"Handboogdoelen"
"Handboogdoelen (Amsterdam)","1720-1739",1,4.889444,52.367778,1723,1723,1723,1723,NA,NA,1723,0,"Handboogdoelen"
"Haringpakkerstoren (Amsterdam)","1600-1619",3,4.895278,52.379167,1608,1612,1608,1652,2.3094010767585,5.33333333333333,1610.66666666667,4,"Haringpakkerstoren"
"Haringpakkerstoren (Amsterdam)","1640-1659",3,4.895278,52.379167,1652,1652,1654,1660,0,0,1652,0,"Haringpakkerstoren"
"Haringpakkerstoren (Amsterdam)","1700-1719",1,4.895278,52.379167,1710,1710,1767,1767,NA,NA,1710,0,"Haringpakkerstoren"
"Haringpakkerstoren (Amsterdam)","1720-1739",2,4.895278,52.379167,1723,1723,1723,1723,0,0,1723,0,"Haringpakkerstoren"
"Heilige Stede (Amsterdam)","1580-1599",1,4.891944,52.368056,1600,1600,1699,1699,NA,NA,1600,0,"Heilige Stede"
"Heilige Stede (Amsterdam)","1620-1639",1,4.891944,52.368056,1629,1629,1666,1666,NA,NA,1629,0,"Heilige Stede"
"Heiligewegspoort (Amsterdam)","1620-1639",1,4.889914,52.367372,1636,1636,1664,1664,NA,NA,1636,0,"Heiligewegspoort"
"Heiligewegspoort (Amsterdam)","1640-1659",1,4.889914,52.367372,1652,1652,1656,1656,NA,NA,1652,0,"Heiligewegspoort"
"Heiligewegspoort (Amsterdam)","1680-1699",1,4.889914,52.367372,1690,1690,1690,1690,NA,NA,1690,0,"Heiligewegspoort"
"Hogesluis (Amsterdam)","1640-1659",1,4.903889,52.360278,1655,1655,1690,1690,NA,NA,1655,0,"Hogesluis"
"Hogesluis (Amsterdam)","1660-1679",1,4.903889,52.360278,1663,1663,1692,1692,NA,NA,1663,0,"Hogesluis"
"Hoogduitse Synagoge (Amsterdam)","1640-1659",1,4.903815,52.367118,1659,1659,1731,1731,NA,NA,1659,0,"Hoogduitse Synagoge"
"Hoogduitse Synagoge (Amsterdam)","1660-1679",2,4.903815,52.367118,1675,1675,1675,1675,0,0,1675,0,"Hoogduitse Synagoge"
"Hoogduitse Synagoge (Amsterdam)","1700-1719",1,4.903815,52.367118,1716,1716,1761,1761,NA,NA,1716,0,"Hoogduitse Synagoge"
"Hoogduitse Synagoge (Amsterdam)","1720-1739",3,4.903815,52.367118,1723,1725,1723,1725,1.15470053837925,1.33333333333333,1723.66666666667,2,"Hoogduitse Synagoge"
"Hoogduitse Synagoge (Amsterdam)",NA,1,4.903815,52.367118,1747,1747,1747,1747,NA,NA,1747,0,"Hoogduitse Synagoge"
"Hortus Botanicus (Amsterdam)","1680-1699",1,4.908342,52.366673,1688,1688,1688,1688,NA,NA,1688,0,"Hortus Botanicus"
"Hortus Medicus (Amsterdam)","1660-1679",1,4.898437683,52.36406257,1680,1680,1731,1731,NA,NA,1680,0,"Hortus Medicus"
"Hortus Medicus (Amsterdam)","1680-1699",5,4.898437683,52.36406257,1696,1700,1800,1828,1.78885438199983,3.2,1696.8,4,"Hortus Medicus"
"Hortus Medicus (Amsterdam)","1720-1739",1,4.898437683,52.36406257,1730,1730,1730,1730,NA,NA,1730,0,"Hortus Medicus"
"Hotel Het Rondeel (Amsterdam)","1660-1679",1,4.894444,52.3675,1680,1680,1731,1731,NA,NA,1680,0,"Hotel Het Rondeel"
"Hotel Het Rondeel (Amsterdam)","1720-1739",2,4.894444,52.3675,1723,1723,1723,1723,0,0,1723,0,"Hotel Het Rondeel"
"Huiszitten-Weduwenhof (Amsterdam)","1660-1679",1,4.881675,52.378631,1680,1680,1731,1731,NA,NA,1680,0,"Huiszitten-Weduwenhof"
"Jan Roodenpoortstoren (Amsterdam)","1660-1679",1,4.889722,52.374444,1675,1675,1711,1711,NA,NA,1675,0,"Jan Roodenpoortstoren"
"Jan Roodenpoortstoren (Amsterdam)","1700-1719",1,4.889722,52.374444,1710,1710,1767,1767,NA,NA,1710,0,"Jan Roodenpoortstoren"
"Jan Roodenpoortstoren (Amsterdam)","1720-1739",2,4.889722,52.374444,1723,1723,1723,1723,0,0,1723,0,"Jan Roodenpoortstoren"
"Joodse Vleeshal  (Amsterdam)","1720-1739",1,4.90325,52.36706,1723,1723,1723,1723,NA,NA,1723,0,"Joodse Vleeshal "
"Kalverstraat (Amsterdam)","1620-1639",1,4.89113,52.369524,1629,1629,1666,1666,NA,NA,1629,0,"Kalverstraat"
"Kalverstraat (Amsterdam)","1700-1719",1,4.89113,52.369524,1720,1720,1720,1720,NA,NA,1720,0,"Kalverstraat"
"Kalverstraat (Amsterdam)","1720-1739",1,4.89113,52.369524,1723,1723,1723,1723,NA,NA,1723,0,"Kalverstraat"
"Karthuizerklooster (Amsterdam)","1600-1619",1,4.883052,52.378303,1609,1609,1609,1609,NA,NA,1609,0,"Karthuizerklooster"
"Karthuizerklooster (Amsterdam)","1720-1739",2,4.883052,52.378303,1722,1723,1722,1723,0.707106781186548,0.5,1722.5,1,"Karthuizerklooster"
"Kartuizer Weduwenhof (Amsterdam)","1720-1739",1,4.882403,52.379021,1723,1723,1723,1723,NA,NA,1723,0,"Kartuizer Weduwenhof"
"Kleine Vleeshal (Amsterdam)","1720-1739",1,4.89378,52.371364,1723,1723,1723,1723,NA,NA,1723,0,"Kleine Vleeshal"
"Kloveniersburgwal (Amsterdam)","1660-1679",1,4.898045,52.369923,1674,1674,1674,1674,NA,NA,1674,0,"Kloveniersburgwal"
"Kloveniersburgwal (Amsterdam)","1680-1699",6,4.898045,52.369923,1687,1697,1697,1744,4.49073119510249,20.1666666666667,1694.16666666667,10,"Kloveniersburgwal"
"Kloveniersburgwal (Amsterdam)","1720-1739",6,4.898045,52.369923,1721,1721,1721,1723,0,0,1721,0,"Kloveniersburgwal"
"Kloveniersdoelen (Amsterdam)","1620-1639",5,4.895716,52.368171,1632,1640,1632,1660,3.4928498393146,12.2,1638.2,8,"Kloveniersdoelen"
"Kloveniersdoelen (Amsterdam)","1640-1659",2,4.895716,52.368171,1642,1645,1642,1645,2.12132034355964,4.5,1643.5,3,"Kloveniersdoelen"
"Kloveniersdoelen (Amsterdam)","1660-1679",1,4.895716,52.368171,1665,1665,1665,1665,NA,NA,1665,0,"Kloveniersdoelen"
"Kloveniersdoelen (Amsterdam)","1680-1699",8,4.895716,52.368171,1685,1697,1689,1735,4.9856938190329,24.8571428571429,1693.5,12,"Kloveniersdoelen"
"Kloveniersdoelen (Amsterdam)","1720-1739",3,4.895716,52.368171,1727,1727,1733,1733,0,0,1727,0,"Kloveniersdoelen"
"Kloveniersdoelen (Amsterdam)",NA,2,4.895716,52.368171,1748,1748,1748,1748,0,0,1748,0,"Kloveniersdoelen"
"Koninklijk Paleis (Amsterdam)","1640-1659",4,4.89139,52.373152,1648,1654,1648,1675,3,9,1651.5,6,"Koninklijk Paleis"
"Koninklijk Paleis (Amsterdam)","1660-1679",2,4.89139,52.373152,1675,1677,1679,1711,1.4142135623731,2,1676,2,"Koninklijk Paleis"
"Koninklijk Paleis (Amsterdam)","1700-1719",1,4.89139,52.373152,1702,1702,1725,1725,NA,NA,1702,0,"Koninklijk Paleis"
"Koninklijk Paleis (Amsterdam)","1720-1739",1,4.89139,52.373152,1736,1736,1767,1767,NA,NA,1736,0,"Koninklijk Paleis"
"Koninklijk Paleis (Amsterdam)",NA,6,4.89139,52.373152,1747,1750,1747,1770,1.211060141639,1.46666666666667,1747.66666666667,3,"Koninklijk Paleis"
"Korenbeurs (Amsterdam)","1720-1739",1,4.896389,52.375,1723,1723,1723,1723,NA,NA,1723,0,"Korenbeurs"
"Korsjespoort (Amsterdam)","1720-1739",1,4.892352,52.376983,1723,1723,1723,1723,NA,NA,1723,0,"Korsjespoort"
"Lauriergracht (Amsterdam)","1680-1699",5,4.879923,52.371178,1688,1690,1690,1699,1.09544511501033,1.2,1688.8,2,"Lauriergracht"
"Lauriergracht (Amsterdam)","1720-1739",1,4.879923,52.371178,1733,1733,1735,1735,NA,NA,1733,0,"Lauriergracht"
"Leidsegracht (Amsterdam)","1660-1679",1,4.883311,52.366388,1663,1663,1680,1680,NA,NA,1663,0,"Leidsegracht"
"Leidsegracht (Amsterdam)","1680-1699",8,4.883311,52.366388,1684,1690,1684,1690,2.12132034355964,4.5,1687.25,6,"Leidsegracht"
"Leidsepoort (Amsterdam)","1680-1699",1,4.882403,52.363428,1690,1690,1690,1690,NA,NA,1690,0,"Leidsepoort"
"Leidsepoort (Amsterdam)","1720-1739",1,4.882403,52.363428,1723,1723,1723,1723,NA,NA,1723,0,"Leidsepoort"
"Leprozenhuis (Amsterdam)","1620-1639",1,4.902892172,52.36873663,1624,1624,1624,1624,NA,NA,1624,0,"Leprozenhuis"
"Leprozenhuis (Amsterdam)","1660-1679",2,4.902892172,52.36873663,1668,1668,1668,1668,0,0,1668,0,"Leprozenhuis"
"Leprozenhuis (Amsterdam)","1720-1739",2,4.902892172,52.36873663,1723,1727,1723,1733,2.82842712474619,8,1725,4,"Leprozenhuis"
"Lijnbaan van de Admiraliteit Amsterdam","1720-1739",1,4.923667,52.368356,1723,1723,1723,1723,NA,NA,1723,0,NA
"Lijnbaan van de VOC Amsterdam","1720-1739",1,4.923667,52.368356,1723,1723,1723,1723,NA,NA,1723,0,NA
"Lijnbaansgracht (Amsterdam)","1660-1679",1,4.887098,52.361689,1675,1675,1711,1711,NA,NA,1675,0,"Lijnbaansgracht"
"Looiersgracht (Amsterdam)","1680-1699",3,4.880786,52.368424,1688,1688,1690,1690,0,0,1688,0,"Looiersgracht"
"Luthers Diaconessen Weeshuis (Amsterdam)","1720-1739",1,4.905559,52.36501,1723,1723,1723,1723,NA,NA,1723,0,"Luthers Diaconessen Weeshuis"
"Maagdenhuis (Amsterdam)","1700-1719",1,4.89,52.368611,1718,1718,1718,1718,NA,NA,1718,0,"Maagdenhuis"
"Maagdenhuis (Amsterdam)","1720-1739",1,4.89,52.368611,1738,1738,1738,1738,NA,NA,1738,0,"Maagdenhuis"
"Martelaarsgracht (Amsterdam)","1720-1739",1,4.896535,52.377883,1723,1723,1723,1723,NA,NA,1723,0,"Martelaarsgracht"
"Molen de Wetering (Amsterdam)","1720-1739",1,4.89093,52.3592,1723,1723,1723,1723,NA,NA,1723,0,"Molen de Wetering"
"Molensteeg (Amsterdam)","1680-1699",1,4.899813,52.373571,1700,1700,1800,1800,NA,NA,1700,0,"Molensteeg"
"Montelbaanstoren (Amsterdam)","1600-1619",2,4.905616,52.372054,1612,1612,1652,1652,0,0,1612,0,"Montelbaanstoren"
"Montelbaanstoren (Amsterdam)","1620-1639",1,4.905616,52.372054,1625,1625,1669,1669,NA,NA,1625,0,"Montelbaanstoren"
"Montelbaanstoren (Amsterdam)","1640-1659",3,4.905616,52.372054,1641,1652,1651,1685,5.85946527708231,34.3333333333333,1647.66666666667,11,"Montelbaanstoren"
"Montelbaanstoren (Amsterdam)","1660-1679",1,4.905616,52.372054,1675,1675,1711,1711,NA,NA,1675,0,"Montelbaanstoren"
"Montelbaanstoren (Amsterdam)","1720-1739",2,4.905616,52.372054,1723,1723,1723,1723,0,0,1723,0,"Montelbaanstoren"
"Montelbaanstoren (Amsterdam)",NA,1,4.905616,52.372054,1744,1744,1748,1748,NA,NA,1744,0,"Montelbaanstoren"
"Muidergracht (Amsterdam)","1660-1679",2,4.913056,52.364167,1675,1675,1675,1675,0,0,1675,0,"Muidergracht"
"Muidergracht (Amsterdam)","1680-1699",1,4.913056,52.364167,1688,1688,1688,1688,NA,NA,1688,0,"Muidergracht"
"Muiderpoort (Amsterdam)","1660-1679",1,4.931234,52.360925,1675,1675,1711,1711,NA,NA,1675,0,"Muiderpoort"
"Muiderpoort (Amsterdam)","1700-1719",5,4.931234,52.360925,1720,1720,1720,1720,0,0,1720,0,"Muiderpoort"
"Muiderpoort (Amsterdam)","1720-1739",1,4.931234,52.360925,1723,1723,1723,1723,NA,NA,1723,0,"Muiderpoort"
"Munttoren (Amsterdam)","1660-1679",2,4.893248,52.36705,1675,1680,1711,1731,3.53553390593274,12.5,1677.5,5,"Munttoren"
"Munttoren (Amsterdam)","1720-1739",1,4.893248,52.36705,1723,1723,1723,1723,NA,NA,1723,0,"Munttoren"
"Nederduitse Academie",NA,1,4.883486,52.368525,1745,1745,1795,1795,NA,NA,1745,0,NA
"Nes (Amsterdam)","1600-1619",1,4.893333,52.370833,1611,1611,1611,1611,NA,NA,1611,0,"Nes"
"Nes (Amsterdam)","1700-1719",1,4.893333,52.370833,1716,1716,1716,1716,NA,NA,1716,0,"Nes"
"Nieuwe Brug (Amsterdam)","1660-1679",1,4.898897,52.376881,1664,1664,1664,1664,NA,NA,1664,0,"Nieuwe Brug"
"Nieuwe Brug (Amsterdam)","1720-1739",1,4.898897,52.376881,1729,1729,1830,1830,NA,NA,1729,0,"Nieuwe Brug"
"Nieuwe Franse Kerk (Amsterdam)","1720-1739",1,4.897222,52.370833,1723,1723,1723,1723,NA,NA,1723,0,"Nieuwe Franse Kerk"
"Nieuwe Kerk (Amsterdam)","1600-1619",3,4.891801,52.373929,1601,1613,1601,1652,6.65832811847939,44.3333333333333,1608.66666666667,12,"Nieuwe Kerk"
"Nieuwe Kerk (Amsterdam)","1620-1639",4,4.891801,52.373929,1625,1633,1625,1699,3.82970843102535,14.6666666666667,1630,8,"Nieuwe Kerk"
"Nieuwe Kerk (Amsterdam)","1640-1659",13,4.891801,52.373929,1645,1660,1647,1699,4.09189317353102,16.7435897435897,1650.07692307692,15,"Nieuwe Kerk"
"Nieuwe Kerk (Amsterdam)","1660-1679",25,4.891801,52.373929,1663,1680,1663,1738,6.35688603012513,40.41,1670.92,17,"Nieuwe Kerk"
"Nieuwe Kerk (Amsterdam)","1680-1699",16,4.891801,52.373929,1681,1700,1683,1799,5.1234753829798,26.25,1688.625,19,"Nieuwe Kerk"
"Nieuwe Kerk (Amsterdam)","1700-1719",1,4.891801,52.373929,1720,1720,1772,1772,NA,NA,1720,0,"Nieuwe Kerk"
"Nieuwe Kerk (Amsterdam)","1720-1739",12,4.891801,52.373929,1722,1738,1723,1784,6.33173823613304,40.0909090909091,1728.5,16,"Nieuwe Kerk"
"Nieuwe Kerk (Amsterdam)",NA,2,4.891801,52.373929,1750,1750,1770,1781,0,0,1750,0,"Nieuwe Kerk"
"Nieuwe Lutherse Kerk (Amsterdam)","1660-1679",3,4.889075,52.368243,1680,1680,1680,1680,0,0,1680,0,"Nieuwe Lutherse Kerk"
"Nieuwe Lutherse Kerk (Amsterdam)","1700-1719",1,4.889075,52.368243,1710,1710,1767,1767,NA,NA,1710,0,"Nieuwe Lutherse Kerk"
"Nieuwe Lutherse Kerk (Amsterdam)","1720-1739",5,4.889075,52.368243,1721,1723,1721,1723,1.09544511501033,1.2,1721.8,2,"Nieuwe Lutherse Kerk"
"Nieuwe Regulierspoort (Amsterdam)","1640-1659",1,4.893248,52.36705,1655,1655,1666,1666,NA,NA,1655,0,"Nieuwe Regulierspoort"
"Nieuwe Stadsherberg (Amsterdam)","1720-1739",1,4.896768,52.377921,1723,1723,1723,1723,NA,NA,1723,0,"Nieuwe Stadsherberg"
"Nieuwe Synagoge (Amsterdam)","1700-1719",1,4.9036692,52.3669033,1718,1718,1830,1830,NA,NA,1718,0,"Nieuwe Synagoge"
"Nieuwe Vaart (Amsterdam)","1700-1719",1,4.919073,52.369194,1718,1718,1830,1830,NA,NA,1718,0,"Nieuwe Vaart"
"Nieuwendijk (Amsterdam)","1680-1699",1,4.895325,52.375885,1689,1689,1695,1695,NA,NA,1689,0,"Nieuwendijk"
"Nieuwezijds Herenlogement (Amsterdam)","1720-1739",1,4.891889,52.38,1723,1723,1723,1723,NA,NA,1723,0,"Nieuwezijds Herenlogement"
"Nieuwezijds Huiszittenhuis (Amsterdam)","1720-1739",1,4.884759,52.376214,1723,1723,1723,1723,NA,NA,1723,0,"Nieuwezijds Huiszittenhuis"
"Nieuwezijds Kapel (Amsterdam)","1580-1599",1,4.891862,52.370227,1600,1600,1699,1699,NA,NA,1600,0,"Nieuwezijds Kapel"
"Nieuwezijds Kapel (Amsterdam)","1620-1639",2,4.891862,52.370227,1629,1633,1666,1679,2.82842712474619,8,1631,4,"Nieuwezijds Kapel"
"Nieuwezijds Kapel (Amsterdam)","1660-1679",2,4.891862,52.370227,1680,1680,1731,1731,0,0,1680,0,"Nieuwezijds Kapel"
"Nieuwezijds Kapel (Amsterdam)","1680-1699",1,4.891862,52.370227,1682,1682,1726,1726,NA,NA,1682,0,"Nieuwezijds Kapel"
"Nieuwezijds Kapel (Amsterdam)","1720-1739",2,4.891862,52.370227,1723,1723,1723,1723,0,0,1723,0,"Nieuwezijds Kapel"
"Nieuwezijds Voorburgwal (Amsterdam)","1640-1659",1,4.890718,52.373041,1657,1657,1659,1659,NA,NA,1657,0,"Nieuwezijds Voorburgwal"
"Nieuwezijds Voorburgwal (Amsterdam)","1660-1679",2,4.890718,52.373041,1663,1670,1663,1670,4.94974746830583,24.5,1666.5,7,"Nieuwezijds Voorburgwal"
"Nieuwezijds Voorburgwal (Amsterdam)","1680-1699",4,4.890718,52.373041,1685,1690,1690,1701,2.5,6.25,1688.75,5,"Nieuwezijds Voorburgwal"
"Nieuwezijds Voorburgwal (Amsterdam)","1720-1739",1,4.890718,52.373041,1723,1723,1723,1723,NA,NA,1723,0,"Nieuwezijds Voorburgwal"
"Nieuwezijds Voorburgwal (Amsterdam)",NA,1,4.890718,52.373041,1750,1750,1770,1770,NA,NA,1750,0,"Nieuwezijds Voorburgwal"
"Nieuwmarkt (Amsterdam)","1640-1659",3,4.899471,52.372239,1657,1657,1662,1690,0,0,1657,0,"Nieuwmarkt"
"Nieuwmarkt (Amsterdam)","1660-1679",1,4.899471,52.372239,1663,1663,1663,1663,NA,NA,1663,0,"Nieuwmarkt"
"Nieuwmarkt (Amsterdam)","1680-1699",1,4.899471,52.372239,1700,1700,1720,1720,NA,NA,1700,0,"Nieuwmarkt"
"Nieuwmarkt (Amsterdam)","1720-1739",3,4.899471,52.372239,1722,1722,1784,1784,0,0,1722,0,"Nieuwmarkt"
"Nieuwmarkt (Amsterdam)",NA,3,4.899471,52.372239,1750,1750,1793,1793,0,0,1750,0,"Nieuwmarkt"
"Noorderkerk (Amsterdam)","1620-1639",2,4.886132,52.37977,1622,1633,1630,1679,7.77817459305202,60.5,1627.5,11,"Noorderkerk"
"Noorderkerk (Amsterdam)","1640-1659",2,4.886132,52.37977,1657,1657,1662,1670,0,0,1657,0,"Noorderkerk"
"Noorderkerk (Amsterdam)","1660-1679",1,4.886132,52.37977,1680,1680,1731,1731,NA,NA,1680,0,"Noorderkerk"
"Noorderkerk (Amsterdam)","1680-1699",4,4.886132,52.37977,1694,1700,1737,1750,3,9,1695.5,6,"Noorderkerk"
"Noorderkerk (Amsterdam)","1720-1739",1,4.886132,52.37977,1723,1723,1723,1723,NA,NA,1723,0,"Noorderkerk"
"Noordermarkt (Amsterdam)","1640-1659",2,4.886111,52.379167,1657,1657,1662,1670,0,0,1657,0,"Noordermarkt"
"Omval, De (Amsterdam)","1580-1599",2,4.91903,52.336341,1596,1596,1630,1630,0,0,1596,0,"Omval, De"
"Omval, De (Amsterdam)","1640-1659",5,4.91903,52.336341,1645,1645,1645,1645,0,0,1645,0,"Omval, De"
"Omval, De (Amsterdam)","1660-1679",1,4.91903,52.336341,1671,1671,1671,1671,NA,NA,1671,0,"Omval, De"
"Oost-Indisch Huis (Amsterdam)","1620-1639",1,4.898119,52.371133,1623,1623,1626,1626,NA,NA,1623,0,"Oost-Indisch Huis"
"Oost-Indisch Huis (Amsterdam)","1640-1659",1,4.898119,52.371133,1650,1650,1724,1724,NA,NA,1650,0,"Oost-Indisch Huis"
"Oost-Indisch Huis (Amsterdam)","1660-1679",2,4.898119,52.371133,1665,1675,1665,1699,7.07106781186548,50,1670,10,"Oost-Indisch Huis"
"Oost-Indisch Huis (Amsterdam)","1720-1739",1,4.898119,52.371133,1723,1723,1723,1723,NA,NA,1723,0,"Oost-Indisch Huis"
"Oost-Indisch Zeemagazijn (Amsterdam)","1660-1679",1,4.898119,52.371133,1675,1675,1711,1711,NA,NA,1675,0,"Oost-Indisch Zeemagazijn"
"Oost-Indisch Zeemagazijn (Amsterdam)","1720-1739",1,4.898119,52.371133,1723,1723,1723,1723,NA,NA,1723,0,"Oost-Indisch Zeemagazijn"
"Oost-Indisch Zeemagazijn (Amsterdam)",NA,1,4.898119,52.371133,1750,1750,1825,1825,NA,NA,1750,0,"Oost-Indisch Zeemagazijn"
"Oostenburg (Amsterdam)","1680-1699",2,4.926208,52.370439,1688,1690,1690,1701,1.4142135623731,2,1689,2,"Oostenburg"
"Oosterkerk (Amsterdam)","1660-1679",4,4.919568,52.369982,1675,1680,1711,1731,2.5,6.25,1676.25,5,"Oosterkerk"
"Oosterkerk (Amsterdam)","1700-1719",1,4.919568,52.369982,1718,1718,1830,1830,NA,NA,1718,0,"Oosterkerk"
"Oosterkerk (Amsterdam)","1720-1739",2,4.919568,52.369982,1723,1723,1723,1723,0,0,1723,0,"Oosterkerk"
"Oosterkerk (Amsterdam)",NA,1,4.919568,52.369982,1750,1750,1825,1825,NA,NA,1750,0,"Oosterkerk"
"Oostindisch Zeemagazijn (Amsterdam)","1680-1699",2,4.898119,52.371133,1688,1690,1690,1701,1.4142135623731,2,1689,2,"Oostindisch Zeemagazijn"
"Osjessluis (Amsterdam)","1660-1679",1,4.893408,52.367139,1661,1661,1661,1661,NA,NA,1661,0,"Osjessluis"
"Oude Hoogstraat (Amsterdam)","1660-1679",1,4.897747,52.371285,1675,1675,1699,1699,NA,NA,1675,0,"Oude Hoogstraat"
"Oude Kerk (Amsterdam)","1600-1619",8,4.898207,52.374367,1601,1613,1601,1782,4.24264068711928,18,1609,12,"Oude Kerk"
"Oude Kerk (Amsterdam)","1620-1639",1,4.898207,52.374367,1633,1633,1679,1679,NA,NA,1633,0,"Oude Kerk"
"Oude Kerk (Amsterdam)","1660-1679",9,4.898207,52.374367,1663,1680,1663,1731,6.59545297913646,43.5,1671.66666666667,17,"Oude Kerk"
"Oude Kerk (Amsterdam)","1680-1699",2,4.898207,52.374367,1693,1693,1743,1743,0,0,1693,0,"Oude Kerk"
"Oude Kerk (Amsterdam)","1700-1719",2,4.898207,52.374367,1707,1716,1708,1716,6.36396103067893,40.5,1711.5,9,"Oude Kerk"
"Oude Kerk (Amsterdam)","1720-1739",8,4.898207,52.374367,1722,1731,1723,1830,3.96412483586046,15.7142857142857,1727,9,"Oude Kerk"
"Oude Lutherse Kerk (Amsterdam)","1640-1659",3,4.889167,52.368056,1653,1657,1657,1676,2.3094010767585,5.33333333333333,1655.66666666667,4,"Oude Lutherse Kerk"
"Oude Lutherse Kerk (Amsterdam)","1720-1739",2,4.889167,52.368056,1723,1723,1723,1723,0,0,1723,0,"Oude Lutherse Kerk"
"Oude Nieuwstraat (Amsterdam)","1680-1699",3,4.892327,52.376528,1682,1688,1682,1690,3.46410161513775,12,1684,6,"Oude Nieuwstraat"
"Oude Schans (Amsterdam)","1620-1639",1,4.902496,52.370162,1625,1625,1669,1669,NA,NA,1625,0,"Oude Schans"
"Oude Schans (Amsterdam)","1640-1659",1,4.902496,52.370162,1641,1641,1685,1685,NA,NA,1641,0,"Oude Schans"
"Oude Schans (Amsterdam)","1680-1699",4,4.902496,52.370162,1688,1690,1690,1699,1.15470053837925,1.33333333333333,1689,2,"Oude Schans"
"Oude Schans (Amsterdam)","1720-1739",2,4.902496,52.370162,1722,1733,1735,1784,7.77817459305202,60.5,1727.5,11,"Oude Schans"
"Oude Stadhuis (Amsterdam)","1560-1579",2,4.89139,52.373152,1577,1577,1579,1579,0,0,1577,0,"Oude Stadhuis"
"Oude Stadhuis (Amsterdam)","1580-1599",1,4.89139,52.373152,1588,1588,1588,1588,NA,NA,1588,0,"Oude Stadhuis"
"Oude Stadhuis (Amsterdam)","1600-1619",14,4.89139,52.373152,1610,1613,1611,1652,0.913873533463375,0.835164835164835,1611.71428571429,3,"Oude Stadhuis"
"Oude Stadhuis (Amsterdam)","1620-1639",8,4.89139,52.373152,1629,1638,1638,1693,3.10529501704059,9.64285714285714,1635.75,9,"Oude Stadhuis"
"Oude Stadhuis (Amsterdam)","1640-1659",26,4.89139,52.373152,1650,1657,1652,1700,2.59348295659598,6.72615384615385,1652.61538461538,7,"Oude Stadhuis"
"Oude Stadhuis (Amsterdam)","1660-1679",8,4.89139,52.373152,1661,1679,1661,1684,8.32809359080113,69.3571428571429,1669.75,18,"Oude Stadhuis"
"Oude Stadhuis (Amsterdam)","1680-1699",20,4.89139,52.373152,1683,1693,1685,1693,3.39155297451586,11.5026315789474,1689.15,10,"Oude Stadhuis"
"Oude Stadhuis (Amsterdam)","1720-1739",15,4.89139,52.373152,1722,1728,1727,1818,2.52039301546028,6.35238095238095,1724.26666666667,6,"Oude Stadhuis"
"Oude Stadhuis (Amsterdam)",NA,3,4.89139,52.373152,1741,1747,1748,1759,3.46410161513775,12,1745,6,"Oude Stadhuis"
"Oude Stadsherberg (Amsterdam)","1720-1739",1,4.897102,52.378437,1723,1723,1723,1723,NA,NA,1723,0,"Oude Stadsherberg"
"Oudekerksplein (Amsterdam)","1620-1639",1,4.897922,52.373981,1625,1625,1625,1625,NA,NA,1625,0,"Oudekerksplein"
"Oudekerksplein (Amsterdam)","1720-1739",3,4.897922,52.373981,1731,1731,1747,1747,0,0,1731,0,"Oudekerksplein"
"Oudeschans","1660-1679",1,4.904352,52.371258,1675,1675,1711,1711,NA,NA,1675,0,NA
"Oudezijds Heerenlogement (Amsterdam)","1660-1679",3,4.894655,52.369051,1665,1675,1665,1711,5.77350269189626,33.3333333333333,1668.33333333333,10,"Oudezijds Heerenlogement"
"Oudezijds Heerenlogement (Amsterdam)","1720-1739",1,4.894655,52.369051,1723,1723,1723,1723,NA,NA,1723,0,"Oudezijds Heerenlogement"
"Oudezijds Huiszittenhuis (Amsterdam)","1660-1679",1,4.903333,52.3675,1680,1680,1731,1731,NA,NA,1680,0,"Oudezijds Huiszittenhuis"
"Oudezijds Huiszittenhuis (Amsterdam)","1700-1719",1,4.903333,52.3675,1718,1718,1830,1830,NA,NA,1718,0,"Oudezijds Huiszittenhuis"
"Oudezijds Huiszittenhuis (Amsterdam)","1720-1739",1,4.903333,52.3675,1723,1723,1723,1723,NA,NA,1723,0,"Oudezijds Huiszittenhuis"
"Oudezijds Voorburgwal (Amsterdam)","1620-1639",3,4.896574,52.372215,1638,1638,1638,1638,0,0,1638,0,"Oudezijds Voorburgwal"
"Oudezijds Voorburgwal (Amsterdam)","1660-1679",3,4.896574,52.372215,1663,1674,1663,1674,6.35085296108588,40.3333333333333,1666.66666666667,11,"Oudezijds Voorburgwal"
"Oudezijdskapel (Amsterdam)","1720-1739",2,4.89995,52.37614,1723,1723,1723,1723,0,0,1723,0,"Oudezijdskapel"
"Passeerdersgracht (Amsterdam)","1680-1699",1,4.881052,52.367041,1688,1688,1690,1690,NA,NA,1688,0,"Passeerdersgracht"
"Pauwentuin (Amsterdam)","1580-1599",1,4.903815,52.360825,1600,1600,1699,1699,NA,NA,1600,0,"Pauwentuin"
"Plantage (Amsterdam)","1680-1699",1,4.912741,52.366824,1688,1688,1688,1688,NA,NA,1688,0,"Plantage"
"Plantage Middenlaan (Amsterdam)","1720-1739",1,4.913056,52.365833,1723,1723,1723,1723,NA,NA,1723,0,"Plantage Middenlaan"
"Portugese Synagoge (Amsterdam)","1640-1659",1,4.904558,52.36763,1659,1659,1731,1731,NA,NA,1659,0,"Portugese Synagoge"
"Portugese Synagoge (Amsterdam)","1660-1679",15,4.904558,52.36763,1665,1680,1665,1680,2.96808419852332,8.80952380952381,1674.66666666667,15,"Portugese Synagoge"
"Portugese Synagoge (Amsterdam)","1680-1699",1,4.904558,52.36763,1683,1683,1733,1733,NA,NA,1683,0,"Portugese Synagoge"
"Portugese Synagoge (Amsterdam)","1720-1739",6,4.904558,52.36763,1721,1724,1721,1724,1.32916013582513,1.76666666666667,1722.16666666667,3,"Portugese Synagoge"
"Prins Hendrikkade (Amsterdam)","1620-1639",1,4.904453,52.374714,1632,1632,1666,1666,NA,NA,1632,0,"Prins Hendrikkade"
"Prins Hendrikkade (Amsterdam)","1720-1739",1,4.904453,52.374714,1727,1727,1733,1733,NA,NA,1727,0,"Prins Hendrikkade"
"Prinsenhof (Amsterdam)","1600-1619",1,4.895556,52.370833,1612,1612,1614,1614,NA,NA,1612,0,"Prinsenhof"
"Prinsenhof (Amsterdam)","1720-1739",1,4.895556,52.370833,1723,1723,1723,1723,NA,NA,1723,0,"Prinsenhof"
"Raampoort (Amsterdam)","1640-1659",1,4.875278,52.373889,1652,1652,1656,1656,NA,NA,1652,0,"Raampoort"
"Raampoort (Amsterdam)","1720-1739",1,4.875278,52.373889,1723,1723,1723,1723,NA,NA,1723,0,"Raampoort"
"Rasphuis (Amsterdam)","1720-1739",1,4.891389,52.3675,1723,1723,1723,1723,NA,NA,1723,0,"Rasphuis"
"Rasphuis (Amsterdam)",NA,1,4.891389,52.3675,1750,1750,1800,1800,NA,NA,1750,0,"Rasphuis"
"Recht Boomssloot (Amsterdam)","1620-1639",1,4.902873,52.372511,1639,1639,1639,1639,NA,NA,1639,0,"Recht Boomssloot"
"Reguliersklooster (Amsterdam)","1720-1739",2,4.894614,52.366618,1722,1723,1723,1784,0.707106781186548,0.5,1722.5,1,"Reguliersklooster"
"Regulierspoort (Amsterdam)","1580-1599",1,4.893248,52.36705,1595,1595,1628,1628,NA,NA,1595,0,"Regulierspoort"
"Regulierspoort (Amsterdam)","1640-1659",1,4.893248,52.36705,1652,1652,1656,1656,NA,NA,1652,0,"Regulierspoort"
"Regulierspoort (Amsterdam)","1660-1679",2,4.893248,52.36705,1680,1680,1731,1731,0,0,1680,0,"Regulierspoort"
"Regulierspoort (Amsterdam)","1720-1739",4,4.893248,52.36705,1722,1723,1723,1784,0.5,0.25,1722.25,1,"Regulierspoort"
"Rembrandtplein (Amsterdam)","1660-1679",2,4.896758,52.365832,1668,1668,1688,1688,0,0,1668,0,"Rembrandtplein"
"Rokin (Amsterdam)","1580-1599",1,4.892639,52.370741,1600,1600,1699,1699,NA,NA,1600,0,"Rokin"
"Rokin (Amsterdam)","1600-1619",1,4.892639,52.370741,1612,1612,1612,1612,NA,NA,1612,0,"Rokin"
"Rokin (Amsterdam)","1620-1639",4,4.892639,52.370741,1638,1638,1638,1638,0,0,1638,0,"Rokin"
"Rokin (Amsterdam)","1640-1659",3,4.892639,52.370741,1652,1652,1654,1654,0,0,1652,0,"Rokin"
"Ronde Lutherse kerk (Amsterdam)","1680-1699",1,4.893611,52.377778,1683,1683,1684,1684,NA,NA,1683,0,"Ronde Lutherse kerk"
"Rooms-Katholiek Jongensweeshuis (Amsterdam)","1700-1719",1,4.879956,52.370643,1701,1701,1711,1711,NA,NA,1701,0,"Rooms-Katholiek Jongensweeshuis"
"Scheepswerfterrein van de VOC op Oostenburg","1720-1739",1,4.922628,52.368403,1723,1723,1723,1723,NA,NA,1723,0,NA
"Schouwburg Keizersgracht (Amsterdam)","1640-1659",18,4.884189,52.36928,1649,1658,1649,1658,4.14799739066229,17.2058823529412,1651.5,9,"Schouwburg Keizersgracht"
"Schouwburg Keizersgracht (Amsterdam)","1660-1679",7,4.884189,52.36928,1661,1665,1663,1772,1.51185789203691,2.28571428571429,1663.57142857143,4,"Schouwburg Keizersgracht"
"Schouwburg Keizersgracht (Amsterdam)","1700-1719",2,4.884189,52.36928,1716,1716,1716,1716,0,0,1716,0,"Schouwburg Keizersgracht"
"Schouwburg Keizersgracht (Amsterdam)","1720-1739",38,4.884189,52.36928,1723,1738,1723,1740,2.47735117571069,6.13726884779516,1736.60526315789,15,"Schouwburg Keizersgracht"
"Schouwburg Keizersgracht (Amsterdam)",NA,4,4.884189,52.36928,1748,1749,1749,1750,0.5,0.25,1748.25,1,"Schouwburg Keizersgracht"
"Schreierstoren (Amsterdam)","1580-1599",1,4.90238,52.376415,1600,1600,1699,1699,NA,NA,1600,0,"Schreierstoren"
"Schreierstoren (Amsterdam)","1600-1619",1,4.90238,52.376415,1612,1612,1652,1652,NA,NA,1612,0,"Schreierstoren"
"Schreierstoren (Amsterdam)","1640-1659",3,4.90238,52.376415,1652,1652,1654,1654,0,0,1652,0,"Schreierstoren"
"Schreierstoren (Amsterdam)","1720-1739",1,4.90238,52.376415,1727,1727,1733,1733,NA,NA,1727,0,"Schreierstoren"
"Sint-Antoniespoort (Amsterdam)","1580-1599",1,4.900278,52.372778,1595,1595,1628,1628,NA,NA,1595,0,"Sint-Antoniespoort"
"Sint-Antoniespoort (Amsterdam)","1600-1619",1,4.900278,52.372778,1607,1607,1648,1648,NA,NA,1607,0,"Sint-Antoniespoort"
"Sint-Antoniespoort (Amsterdam)","1660-1679",2,4.900278,52.372778,1675,1680,1690,1731,3.53553390593274,12.5,1677.5,5,"Sint-Antoniespoort"
"Sint-Antoniespoort (Amsterdam)","1720-1739",4,4.900278,52.372778,1722,1723,1723,1784,0.5,0.25,1722.25,1,"Sint-Antoniespoort"
"Sint-Jorishof (Amsterdam)","1700-1719",1,4.891667,52.368056,1710,1710,1775,1775,NA,NA,1710,0,"Sint-Jorishof"
"Sint-Jorishof (Amsterdam)","1720-1739",1,4.891667,52.368056,1736,1736,1775,1775,NA,NA,1736,0,"Sint-Jorishof"
"Sint-Olofskapel (Amsterdam)","1620-1639",1,4.9,52.376111,1637,1637,1692,1692,NA,NA,1637,0,"Sint-Olofskapel"
"Sint-Olofskapel (Amsterdam)","1720-1739",1,4.9,52.376111,1723,1723,1723,1723,NA,NA,1723,0,"Sint-Olofskapel"
"Sloten (Amsterdam)","1600-1619",3,4.886132,52.37977,1612,1612,1652,1652,0,0,1612,0,"Sloten"
"Sloten (Amsterdam)","1660-1679",3,4.886132,52.37977,1680,1680,1680,1680,0,0,1680,0,"Sloten"
"Sloten (Amsterdam)","1720-1739",4,4.886132,52.37977,1722,1736,1733,1784,6.60176744011279,43.5833333333333,1726.75,14,"Sloten"
"Spinhuis (Amsterdam)","1620-1639",1,4.896475,52.370556,1638,1638,1638,1638,NA,NA,1638,0,"Spinhuis"
"Spinhuis (Amsterdam)","1660-1679",1,4.896475,52.370556,1669,1669,1669,1669,NA,NA,1669,0,"Spinhuis"
"Spinhuis (Amsterdam)","1720-1739",1,4.896475,52.370556,1723,1723,1723,1723,NA,NA,1723,0,"Spinhuis"
"Stadhuis (Amsterdam)","1640-1659",1,4.891389,52.373056,1648,1648,1648,1648,NA,NA,1648,0,"Stadhuis"
"Stadhuis (Amsterdam)",NA,1,4.891389,52.373056,1743,1743,1743,1743,NA,NA,1743,0,"Stadhuis"
"Stadhuis op de Dam (Amsterdam)","1600-1619",1,4.89139,52.373152,1604,1604,1607,1607,NA,NA,1604,0,"Stadhuis op de Dam"
"Stadhuis op de Dam (Amsterdam)","1620-1639",1,4.89139,52.373152,1633,1633,1679,1679,NA,NA,1633,0,"Stadhuis op de Dam"
"Stadhuis op de Dam (Amsterdam)","1640-1659",89,4.89139,52.373152,1646,1660,1650,1768,2.50652875800556,6.28268641470889,1654.11235955056,14,"Stadhuis op de Dam"
"Stadhuis op de Dam (Amsterdam)","1660-1679",90,4.89139,52.373152,1661,1677,1661,1711,3.10128643115884,9.61797752808991,1663.33333333333,16,"Stadhuis op de Dam"
"Stadhuis op de Dam (Amsterdam)","1680-1699",25,4.89139,52.373152,1681,1700,1685,1743,4.62168800331654,21.36,1691.88,19,"Stadhuis op de Dam"
"Stadhuis op de Dam (Amsterdam)","1700-1719",3,4.89139,52.373152,1718,1720,1718,1740,1,1,1719,2,"Stadhuis op de Dam"
"Stadhuis op de Dam (Amsterdam)","1720-1739",4,4.89139,52.373152,1723,1736,1723,1779,6.7515430335097,45.5833333333333,1730.25,13,"Stadhuis op de Dam"
"Stadhuis op de Dam (Amsterdam)",NA,7,4.89139,52.373152,1743,1750,1743,1781,2.73426232761059,7.47619047619048,1746.85714285714,7,"Stadhuis op de Dam"
"Stadsartilleriehuis (Amsterdam)","1660-1679",1,4.882956,52.383308,1665,1665,1665,1665,NA,NA,1665,0,"Stadsartilleriehuis"
"Stadsartilleriehuis (Amsterdam)","1720-1739",1,4.882956,52.383308,1723,1723,1723,1723,NA,NA,1723,0,"Stadsartilleriehuis"
"Stadsbank van Lening (Amsterdam)","1720-1739",1,4.894416,52.370542,1723,1723,1723,1723,NA,NA,1723,0,"Stadsbank van Lening"
"Swygh Utrecht (Amsterdam)","1580-1599",1,4.895756,52.368196,1599,1599,1609,1609,NA,NA,1599,0,"Swygh Utrecht"
"Swygh Utrecht (Amsterdam)","1620-1639",2,4.895756,52.368196,1640,1640,1660,1660,0,0,1640,0,"Swygh Utrecht"
"Swygh Utrecht (Amsterdam)","1640-1659",1,4.895756,52.368196,1650,1650,1655,1655,NA,NA,1650,0,"Swygh Utrecht"
"Swygh Utrecht (Amsterdam)","1660-1679",2,4.895756,52.368196,1680,1680,1731,1731,0,0,1680,0,"Swygh Utrecht"
"Swygh Utrecht (Amsterdam)","1680-1699",6,4.895756,52.368196,1685,1693,1690,1735,2.68328157299975,7.2,1690,8,"Swygh Utrecht"
"Swygh Utrecht (Amsterdam)","1720-1739",4,4.895756,52.368196,1721,1721,1721,1721,0,0,1721,0,"Swygh Utrecht"
"Theatrum Anatomicum (Amsterdam)","1720-1739",3,4.900278,52.372778,1725,1732,1727,1732,4.04145188432738,16.3333333333333,1729.66666666667,7,"Theatrum Anatomicum"
"Tolhuis (Amsterdam)","1720-1739",1,4.903345,52.382335,1723,1723,1723,1723,NA,NA,1723,0,"Tolhuis"
"Torensluis (Amsterdam)","1640-1659",2,4.889444,52.374444,1657,1657,1662,1670,0,0,1657,0,"Torensluis"
"Trippenhuis, het (Amsterdam)","1640-1659",1,4.899442,52.371331,1650,1650,1675,1675,NA,NA,1650,0,"Trippenhuis, het"
"Trippenhuis, het (Amsterdam)","1660-1679",6,4.899442,52.371331,1663,1664,1663,1664,0.408248290463863,0.166666666666667,1663.83333333333,1,"Trippenhuis, het"
"Trippenhuis, het (Amsterdam)","1680-1699",1,4.899442,52.371331,1690,1690,1710,1710,NA,NA,1690,0,"Trippenhuis, het"
"Utrechtsepoort (Amsterdam)","1720-1739",2,4.899668,52.358775,1723,1723,1723,1723,0,0,1723,0,"Utrechtsepoort"
"Vijzelstraat (Amsterdam)","1680-1699",1,4.892432,52.363808,1685,1685,1685,1685,NA,NA,1685,0,"Vijzelstraat"
"Vleeshal (Amsterdam)","1600-1619",1,4.894828,52.371179,1611,1611,1611,1611,NA,NA,1611,0,"Vleeshal"
"Vleeshal (Amsterdam)","1660-1679",1,4.894828,52.371179,1675,1675,1711,1711,NA,NA,1675,0,"Vleeshal"
"Vleeshal op de Herenmarkt (Amsterdam)","1720-1739",1,4.89167,52.379712,1723,1723,1723,1723,NA,NA,1723,0,"Vleeshal op de Herenmarkt"
"Vlooienburg (Amsterdam)","1680-1699",1,4.901438,52.367016,1682,1682,1682,1682,NA,NA,1682,0,"Vlooienburg"
"Vlooienburg (Amsterdam)","1720-1739",2,4.901438,52.367016,1733,1733,1735,1735,0,0,1733,0,"Vlooienburg"
"Voetboogdoelen (Amsterdam)","1580-1599",1,4.889444,52.367778,1588,1588,1588,1588,NA,NA,1588,0,"Voetboogdoelen"
"Voetboogdoelen (Amsterdam)","1600-1619",2,4.889444,52.367778,1606,1606,1672,1672,0,0,1606,0,"Voetboogdoelen"
"Voetboogdoelen (Amsterdam)","1680-1699",1,4.889444,52.367778,1700,1700,1799,1799,NA,NA,1700,0,"Voetboogdoelen"
"Voetboogdoelen (Amsterdam)","1720-1739",1,4.889444,52.367778,1723,1723,1723,1723,NA,NA,1723,0,"Voetboogdoelen"
"Waag op de Botermarkt (Amsterdam)","1660-1679",2,4.896758,52.365832,1668,1668,1688,1688,0,0,1668,0,"Waag op de Botermarkt"
"Waag op de Dam (Amsterdam)","1540-1559",4,4.900298,52.372807,1560,1560,1640,1640,0,0,1560,0,"Waag op de Dam"
"Waag op de Dam (Amsterdam)","1600-1619",3,4.900298,52.372807,1610,1611,1611,1612,0.577350269189626,0.333333333333333,1610.66666666667,1,"Waag op de Dam"
"Waag op de Dam (Amsterdam)","1620-1639",4,4.900298,52.372807,1633,1638,1638,1679,2.5,6.25,1636.75,5,"Waag op de Dam"
"Waag op de Dam (Amsterdam)","1640-1659",9,4.900298,52.372807,1650,1660,1654,1699,3.50396600693811,12.2777777777778,1652.55555555556,10,"Waag op de Dam"
"Waag op de Dam (Amsterdam)","1660-1679",5,4.900298,52.372807,1670,1677,1672,1711,3.11448230047949,9.7,1674.2,7,"Waag op de Dam"
"Waag op de Dam (Amsterdam)","1680-1699",5,4.900298,52.372807,1686,1696,1686,1737,4.33589667773576,18.8,1691.6,10,"Waag op de Dam"
"Waag op de Dam (Amsterdam)","1720-1739",2,4.900298,52.372807,1723,1726,1723,1726,2.12132034355964,4.5,1724.5,3,"Waag op de Dam"
"Waag op de Dam (Amsterdam)",NA,8,4.900298,52.372807,1743,1750,1743,1781,2.87538817255291,8.26785714285714,1746.375,7,"Waag op de Dam"
"Waag op de Nieuwmarkt (Amsterdam)","1580-1599",1,4.900157,52.372808,1600,1600,1699,1699,NA,NA,1600,0,"Waag op de Nieuwmarkt"
"Waag op de Nieuwmarkt (Amsterdam)","1620-1639",2,4.900157,52.372808,1625,1635,1625,1707,7.07106781186548,50,1630,10,"Waag op de Nieuwmarkt"
"Waag op de Nieuwmarkt (Amsterdam)","1640-1659",3,4.900157,52.372808,1657,1657,1662,1690,0,0,1657,0,"Waag op de Nieuwmarkt"
"Waag op de Nieuwmarkt (Amsterdam)","1660-1679",1,4.900157,52.372808,1663,1663,1663,1663,NA,NA,1663,0,"Waag op de Nieuwmarkt"
"Waag op de Nieuwmarkt (Amsterdam)","1680-1699",2,4.900157,52.372808,1690,1700,1710,1720,7.07106781186548,50,1695,10,"Waag op de Nieuwmarkt"
"Waag op de Nieuwmarkt (Amsterdam)","1720-1739",2,4.900157,52.372808,1723,1727,1723,1729,2.82842712474619,8,1725,4,"Waag op de Nieuwmarkt"
"Waalse Kerk (Amsterdam)","1660-1679",1,4.897241,52.371041,1665,1665,1665,1665,NA,NA,1665,0,"Waalse Kerk"
"Waalse Kerk (Amsterdam)","1700-1719",4,4.897241,52.371041,1710,1710,1775,1775,0,0,1710,0,"Waalse Kerk"
"Waalse Kerk (Amsterdam)","1720-1739",5,4.897241,52.371041,1723,1736,1723,1775,5.63914887194867,31.8,1732.6,13,"Waalse Kerk"
"Waalseilandgracht (Amsterdam)","1720-1739",1,4.903168,52.37408,1727,1727,1733,1733,NA,NA,1727,0,"Waalseilandgracht"
"Walenweeshuis (Amsterdam)","1720-1739",1,4.891398,52.361929,1723,1723,1723,1723,NA,NA,1723,0,"Walenweeshuis"
"Weesperpoort (Amsterdam)","1660-1679",1,4.908192,52.360756,1675,1675,1711,1711,NA,NA,1675,0,"Weesperpoort"
"Weesperpoort (Amsterdam)","1720-1739",1,4.908192,52.360756,1723,1723,1723,1723,NA,NA,1723,0,"Weesperpoort"
"Weesperveld (Amsterdam)","1700-1719",1,4.909114,52.365275,1705,1705,1754,1754,NA,NA,1705,0,"Weesperveld"
"Werkhuis (Amsterdam)","1720-1739",1,4.91055,52.364698,1723,1723,1723,1723,NA,NA,1723,0,"Werkhuis"
"West-Indisch Huis (Amsterdam)","1620-1639",1,4.891889,52.38,1623,1623,1626,1626,NA,NA,1623,0,"West-Indisch Huis"
"West-Indisch Huis (Amsterdam)","1720-1739",1,4.891889,52.38,1723,1723,1723,1723,NA,NA,1723,0,"West-Indisch Huis"
"Westerhal (Amsterdam)","1720-1739",1,4.883993,52.374097,1723,1723,1723,1723,NA,NA,1723,0,"Westerhal"
"Westerkerk (Amsterdam)","1620-1639",2,4.88397,52.374534,1629,1633,1666,1679,2.82842712474619,8,1631,4,"Westerkerk"
"Westerkerk (Amsterdam)","1660-1679",4,4.88397,52.374534,1665,1680,1665,1731,7.5,56.25,1676.25,15,"Westerkerk"
"Westerkerk (Amsterdam)","1720-1739",3,4.88397,52.374534,1723,1727,1723,1733,2.08166599946613,4.33333333333333,1725.33333333333,4,"Westerkerk"
"Westermarkt (Amsterdam)","1720-1739",1,4.884305,52.374816,1727,1727,1733,1733,NA,NA,1727,0,"Westermarkt"
"Westertoren (Amsterdam)","1640-1659",3,4.883512,52.374562,1653,1657,1662,1700,2.3094010767585,5.33333333333333,1655.66666666667,4,"Westertoren"
"Westertoren (Amsterdam)","1680-1699",3,4.883512,52.374562,1690,1690,1701,1701,0,0,1690,0,"Westertoren"
"Westertoren (Amsterdam)","1720-1739",1,4.883512,52.374562,1725,1725,1764,1764,NA,NA,1725,0,"Westertoren"
"Weteringpoort (Amsterdam)","1720-1739",3,4.890955,52.359343,1723,1723,1723,1723,0,0,1723,0,"Weteringpoort"
"Weteringpoort (Amsterdam)",NA,1,4.890955,52.359343,1744,1744,1786,1786,NA,NA,1744,0,"Weteringpoort"
"Zeerecht (Amsterdam)","1620-1639",1,4.9,52.378333,1632,1632,1666,1666,NA,NA,1632,0,"Zeerecht"
"Zeerecht (Amsterdam)","1640-1659",1,4.9,52.378333,1652,1652,1654,1654,NA,NA,1652,0,"Zeerecht"
"Zuiderkerk (Amsterdam)","1600-1619",3,4.899846,52.370145,1606,1612,1611,1652,3.46410161513775,12,1610,6,"Zuiderkerk"
"Zuiderkerk (Amsterdam)","1620-1639",4,4.899846,52.370145,1625,1633,1625,1679,3.82970843102535,14.6666666666667,1630,8,"Zuiderkerk"
"Zuiderkerk (Amsterdam)","1640-1659",1,4.899846,52.370145,1650,1650,1651,1651,NA,NA,1650,0,"Zuiderkerk"
"Zuiderkerk (Amsterdam)","1660-1679",2,4.899846,52.370145,1680,1680,1731,1731,0,0,1680,0,"Zuiderkerk"
"Zuiderkerk (Amsterdam)","1680-1699",1,4.899846,52.370145,1695,1695,1699,1699,NA,NA,1695,0,"Zuiderkerk"
"Zuiderkerk (Amsterdam)","1720-1739",2,4.899846,52.370145,1723,1727,1723,1733,2.82842712474619,8,1725,4,"Zuiderkerk"
